id,country,countryCode,visaName,minIncomeUSD,statutoryCurrency,statutoryAmount,statutoryFormatted,stayDuration,processingTime,taxArchetype,taxBenefit,isTaxFree,region,governingBody,officialPortal,url
spain-dnv,"Spain",ES,"Digital Nomad Visa",2646,USD,2646,"$2646/mo","1 Year (Renewable up to 5 Years)","15-30 business days",standard_global,"Eligible for Beckham Law reduced tax regime offering a 24% flat tax rate on income up to EUR 600,000.",false,europe,"","","https://oneisolve.com/visa/spain-dnv"
portugal-d8,"Portugal",PT,"Digital Nomad Visa (D8)",3280,USD,3280,"$3280/mo","1 Year (Renewable up to 5 Years)","60-90 days",standard_global,"Access to special tax frameworks for qualified scientific, artistic, or technical activities",false,europe,"","","https://oneisolve.com/visa/portugal-d8"
japan-dnv,"Japan",JP,"Digital Nomad Visa",833333,USD,833333,"$833333/mo","6 Months (Non-renewable)","1-2 months",pure_zero,"Foreign income is exempt from Japanese personal income tax during the 6-month stay.",true,asia,"","","https://oneisolve.com/visa/japan-dnv"
estonia-dnv,"Estonia",EE,"Digital Nomad Visa",4500,USD,4500,"$4500/mo","1 Year (Renewable up to 1.5 Years)","15-30 days",standard_global,"Tax exempt on foreign income for stays up to 183 days within a 12-month period",false,europe,"","","https://oneisolve.com/visa/estonia-dnv"
croatia-dnv,"Croatia",HR,"Temporary Stay of Digital Nomads",2539,USD,2539,"$2539/mo","Up to 18 months","20-30 business days",pure_zero,"100% exemption from personal income tax in Croatia on remote work income from foreign sources",true,europe,"","","https://oneisolve.com/visa/croatia-dnv"
malaysia-derantau,"Malaysia",MY,"DE Rantau Nomad Pass",2000,USD,2000,"$2000/mo","3 to 12 months (renewable up to 24 months)","4-6 weeks",standard_global,"Foreign-sourced income is exempt from tax under specific conditions, though tax residence applies if staying over 182 days.",false,asia,"","","https://oneisolve.com/visa/malaysia-derantau"
taiwan-goldcard,"Taiwan",TW,"Taiwan Employment Gold Card",160000,USD,160000,"$160000/mo","1 to 3 Years (Renewable)","30-60 days",standard_global,"50% tax exemption on salary income exceeding TWD 3 million for up to 5 years",false,asia,"","","https://oneisolve.com/visa/taiwan-goldcard"
thailand-dtv,"Thailand",TH,"Destination Thailand Visa (DTV)",500000,USD,500000,"$500000/mo","5 Years (Up to 180 days per entry, extendable by 180 days)","5-10 business days",standard_global,"Foreign income not remitted into Thailand in the same tax year is generally tax-exempt under territorial tax rules.",false,asia,"","","https://oneisolve.com/visa/thailand-dtv"
greece-dnv,"Greece",GR,"Greece Digital Nomad Visa",3500,USD,3500,"$3500/mo","1 Year (Renewable up to 2 Years)","10-30 business days",standard_global,"50% tax reduction on Greek-sourced income for up to 7 years when transferring tax residence",false,europe,"","","https://oneisolve.com/visa/greece-dnv"
cyprus-dnv,"Cyprus",CY,"Cyprus Digital Nomad Visa",3500,USD,3500,"$3500/mo","1 Year (Renewable up to 2 years)","5-7 weeks",standard_global,"Nomads staying under 183 days pay no local tax; those staying over 183 days can qualify for the non-domiciled tax regime with 0% tax on dividends and interest.",false,europe,"","","https://oneisolve.com/visa/cyprus-dnv"
iceland-remote,"Iceland",IS,"Long-Term Visa for Remote Workers",1000000,USD,1000000,"$1000000/mo","180 days","10-14 business days",pure_zero,"No local income tax obligations in Iceland if staying under 183 days",true,europe,"","","https://oneisolve.com/visa/iceland-remote"
norway-svalbard,"Norway",NO,"Svalbard Right of Residence",0,USD,0,"$0/mo","Indefinite (Subject to ongoing self-sufficiency)","Immediate (No visa required prior to arrival)",standard_global,"Svalbard operates its own low-tax regime (flat ~15.9% total income tax and social security) separate from mainland Norway.",false,europe,"","","https://oneisolve.com/visa/norway-svalbard"
czech-zivno,"Czech Republic",CZ,"Živno (Trade License) Long-Term Visa",15000,USD,15000,"$15000/mo","1 Year (Renewable)","60-90 days",standard_global,"Eligible for the flat-rate tax scheme (Paušální daň) combining income tax, social security, and health insurance into one low monthly payment.",false,europe,"","","https://oneisolve.com/visa/czech-zivno"
italy-dnv,"Italy",IT,"Digital Nomad Visa",2333,USD,2333,"$2333/mo","1 Year (Renewable)","30-90 days",standard_global,"Qualifying digital nomads may benefit from the Inpatriates tax regime offering significant income tax reductions.",false,europe,"","","https://oneisolve.com/visa/italy-dnv"
romania-dnv,"Romania",RO,"Digital Nomad Visa (Long-stay visa D/AM)",3700,USD,3700,"$3700/mo","1 Year (Renewable for 1 additional year)","14-30 days",pure_zero,"Exempt from income tax, social security, and health contributions on foreign earnings",true,europe,"","","https://oneisolve.com/visa/romania-dnv"
bermuda-work,"Bermuda",BM,"Work From Bermuda Certificate",0,USD,0,"$0/mo","1 Year (Renewable)","10-15 business days",pure_zero,"No personal income tax or capital gains tax applies to certificate holders in Bermuda.",true,americas,"","","https://oneisolve.com/visa/bermuda-work"
bahamas-beats,"Bahamas",BS,"Bahamas Extended Access Travel Stay (BEATS)",0,USD,0,"$0/mo","1 Year (Renewable up to 3 Years)","5 business days",pure_zero,"No local income tax, capital gains tax, or wealth tax on foreign earnings",true,americas,"","","https://oneisolve.com/visa/bahamas-beats"
costarica-dnv,"Costa Rica",CR,"Digital Nomad Visa (Estancia de Trabajos y Servicios Remotos)",3000,USD,3000,"$3000/mo","1 Year (Renewable for 1 year)","15-30 business days",pure_zero,"100% exemption from Costa Rican personal income tax on foreign-sourced income and duty-free import of computer and telecommunications equipment.",true,americas,"","","https://oneisolve.com/visa/costarica-dnv"
brazil-dnv,"Brazil",BR,"Digital Nomad Visa (VITEM XIV)",1500,USD,1500,"$1500/mo","1 Year (Renewable up to 1 Year)","2-4 weeks",standard_global,"Foreign income is untaxed during the first 183 days of stay; full tax residency applies after 183 days.",false,americas,"","","https://oneisolve.com/visa/brazil-dnv"
argentina-dnv,"Argentina",AR,"Digital Nomad Visa",2500,USD,2500,"$2500/mo","180 days (Renewable once up to 180 days)","10-20 business days",pure_zero,"Foreign-sourced income is exempt from local income taxation during the temporary stay period.",true,americas,"","","https://oneisolve.com/visa/argentina-dnv"
mauritius-premium,"Mauritius",MU,"Premium Visa",1500,USD,1500,"$1500/mo","1 Year (Renewable)","14 business days",pure_zero,"Foreign income is exempt from Mauritian tax if it is not remitted to a Mauritian bank account.",true,africa,"","","https://oneisolve.com/visa/mauritius-premium"
seychelles-workation,"Seychelles",SC,"Seychelles Workcation Program",0,USD,0,"$0/mo","Up to 1 Year","9-12 business days",pure_zero,"Exempt from local personal income tax on foreign-sourced income",true,africa,"","","https://oneisolve.com/visa/seychelles-workation"
southafrica-dnv,"South Africa",ZA,"Remote Work Visitor Visa",83333,USD,83333,"$83333/mo","1 Year (Renewable)","4-6 weeks",standard_global,"Tax exemption on foreign-sourced income applies if staying less than 183 days in a 12-month period.",false,africa,"","","https://oneisolve.com/visa/southafrica-dnv"